{"cameraMode":{"drawMode":0,"name":"Shaded","section":"Shading Mode"},"sceneLighting":false,"audioPlay":false,"sceneViewState":{"m_AlwaysRefresh":false,"showFog":false,"showSkybox":false,"showFlares":true,"showImageEffects":false,"showParticleSystems":true,"showVisualEffectGraphs":true,"m_FxEnabled":true},"in2DMode":false,"pivot":{"x":-9.237897872924805,"y":1.7753421068191529,"z":-37.449615478515628},"rotation":{"x":0.016635484993457795,"y":0.7720029354095459,"z":0.020631615072488786,"w":-0.6355183124542236},"size":2.7067630290985109,"orthographic":false}