{"cameraMode":{"drawMode":0,"name":"Shaded","section":"Shading Mode"},"sceneLighting":false,"audioPlay":false,"sceneViewState":{"m_AlwaysRefresh":false,"showFog":true,"showSkybox":false,"showFlares":true,"showImageEffects":true,"showParticleSystems":true,"showVisualEffectGraphs":true,"m_FxEnabled":true},"in2DMode":false,"pivot":{"x":-3.0473570823669435,"y":-4.882577896118164,"z":-30.092655181884767},"rotation":{"x":0.25243720412254336,"y":-0.19356167316436768,"z":0.05142543837428093,"w":0.9465234279632568},"size":12.861019134521485,"orthographic":false}