{"cameraMode":{"drawMode":0,"name":"Shaded","section":"Shading Mode"},"sceneLighting":false,"audioPlay":false,"sceneViewState":{"m_AlwaysRefresh":false,"showFog":false,"showSkybox":false,"showFlares":false,"showImageEffects":false,"showParticleSystems":false,"showVisualEffectGraphs":true,"m_FxEnabled":true},"in2DMode":false,"pivot":{"x":0.6158657073974609,"y":1.3028209209442139,"z":-0.010318785905838013},"rotation":{"x":-0.0002536735846661031,"y":0.997875988483429,"z":-0.057071223855018619,"w":0.023663664236664773},"size":2.047502040863037,"orthographic":false}