{"cameraMode":{"drawMode":0,"name":"Shaded","section":"Shading Mode"},"sceneLighting":false,"audioPlay":false,"sceneViewState":{"m_AlwaysRefresh":false,"showFog":true,"showSkybox":false,"showFlares":true,"showImageEffects":true,"showParticleSystems":true,"showVisualEffectGraphs":true,"m_FxEnabled":true},"in2DMode":false,"pivot":{"x":83.62332153320313,"y":10.320354461669922,"z":-97.75177001953125},"rotation":{"x":0.000974183261860162,"y":0.9989964365959168,"z":-0.03670097887516022,"w":0.03423461318016052},"size":4.1069207191467289,"orthographic":false}