{"cameraMode":{"drawMode":0,"name":"Shaded","section":"Shading Mode"},"sceneLighting":true,"audioPlay":false,"sceneViewState":{"m_AlwaysRefresh":false,"showFog":true,"showSkybox":true,"showFlares":true,"showImageEffects":true,"showParticleSystems":true,"showVisualEffectGraphs":true,"m_FxEnabled":true},"in2DMode":false,"pivot":{"x":268.17755126953127,"y":230.06118774414063,"z":71.2664794921875},"rotation":{"x":0.021305523812770845,"y":-0.003323654644191265,"z":-0.00004845241710427217,"w":0.999646782875061},"size":533.3975830078125,"orthographic":false}