{"cameraMode":{"drawMode":0,"name":"Shaded","section":"Shading Mode"},"sceneLighting":true,"audioPlay":false,"sceneViewState":{"m_AlwaysRefresh":false,"showFog":true,"showSkybox":true,"showFlares":true,"showImageEffects":true,"showParticleSystems":true,"showVisualEffectGraphs":true,"m_FxEnabled":true},"in2DMode":false,"pivot":{"x":-10.915000915527344,"y":-9.425305366516114,"z":-15.29472827911377},"rotation":{"x":0.023558419197797777,"y":0.8937669992446899,"z":-0.44538843631744387,"w":0.04722362756729126},"size":12.12435531616211,"orthographic":false}