{"cameraMode":{"drawMode":0,"name":"Shaded","section":"Shading Mode"},"sceneLighting":true,"audioPlay":false,"sceneViewState":{"m_AlwaysRefresh":false,"showFog":true,"showSkybox":true,"showFlares":true,"showImageEffects":true,"showParticleSystems":true,"showVisualEffectGraphs":true,"m_FxEnabled":true},"in2DMode":false,"pivot":{"x":1.061225175857544,"y":2.4412264823913576,"z":1.6585893630981446},"rotation":{"x":0.05764124542474747,"y":-0.8320627212524414,"z":0.08841068297624588,"w":0.5449768900871277},"size":2.170488119125366,"orthographic":false}