{"cameraMode":{"drawMode":0,"name":"Shaded","section":"Shading Mode"},"sceneLighting":true,"audioPlay":false,"sceneViewState":{"m_AlwaysRefresh":false,"showFog":false,"showSkybox":true,"showFlares":true,"showImageEffects":false,"showParticleSystems":true,"showVisualEffectGraphs":true,"m_FxEnabled":true},"in2DMode":false,"pivot":{"x":5.084036827087402,"y":-8.649127960205079,"z":-10.234170913696289},"rotation":{"x":-0.27084097266197207,"y":0.10061215609312058,"z":-0.027905339375138284,"w":-0.9571254253387451},"size":17.106372833251954,"orthographic":false}