{"cameraMode":{"drawMode":0,"name":"Shaded","section":"Shading Mode"},"sceneLighting":true,"audioPlay":false,"sceneViewState":{"m_AlwaysRefresh":false,"showFog":false,"showSkybox":false,"showFlares":true,"showImageEffects":false,"showParticleSystems":true,"showVisualEffectGraphs":true,"m_FxEnabled":true},"in2DMode":false,"pivot":{"x":0.7649999856948853,"y":0.8999999761581421,"z":-1.715000033378601},"rotation":{"x":0.26053884625434878,"y":-0.6363202929496765,"z":0.24092170596122743,"w":0.6851634979248047},"size":2.1637814044952394,"orthographic":false}