{"cameraMode":{"drawMode":0,"name":"Shaded","section":"Shading Mode"},"sceneLighting":false,"audioPlay":false,"sceneViewState":{"m_AlwaysRefresh":false,"showFog":false,"showSkybox":false,"showFlares":true,"showImageEffects":false,"showParticleSystems":true,"showVisualEffectGraphs":true,"m_FxEnabled":true},"in2DMode":false,"pivot":{"x":0.2117309421300888,"y":0.07440730184316635,"z":-0.1997646540403366},"rotation":{"x":0.005842127837240696,"y":-0.6803932785987854,"z":0.004302309360355139,"w":0.7330039739608765},"size":0.5333352088928223,"orthographic":false}