{"cameraMode":{"drawMode":0,"name":"Shaded","section":"Shading Mode"},"sceneLighting":true,"audioPlay":false,"sceneViewState":{"m_AlwaysRefresh":false,"showFog":false,"showSkybox":true,"showFlares":true,"showImageEffects":false,"showParticleSystems":true,"showVisualEffectGraphs":true,"m_FxEnabled":true},"in2DMode":false,"pivot":{"x":-11.807647705078125,"y":-9.07805061340332,"z":12.086316108703614},"rotation":{"x":0.18398091197013856,"y":-0.44599851965904238,"z":0.09324567764997482,"w":0.8711795806884766},"size":14.458518981933594,"orthographic":false}