{"cameraMode":{"drawMode":0,"name":"Shaded","section":"Shading Mode"},"sceneLighting":true,"audioPlay":false,"sceneViewState":{"m_AlwaysRefresh":false,"showFog":false,"showSkybox":true,"showFlares":true,"showImageEffects":false,"showParticleSystems":true,"showVisualEffectGraphs":true,"m_FxEnabled":true},"in2DMode":false,"pivot":{"x":101.20753479003906,"y":-8.677151679992676,"z":-41.604698181152347},"rotation":{"x":-0.004782624542713165,"y":-0.9950233697891235,"z":0.07680130749940872,"w":-0.06767251342535019},"size":62.64912033081055,"orthographic":false}