{"cameraMode":{"drawMode":0,"name":"Shaded","section":"Shading Mode"},"sceneLighting":true,"audioPlay":false,"sceneViewState":{"m_AlwaysRefresh":false,"showFog":false,"showSkybox":true,"showFlares":true,"showImageEffects":false,"showParticleSystems":true,"showVisualEffectGraphs":true,"m_FxEnabled":true},"in2DMode":false,"pivot":{"x":44.036251068115237,"y":-3.2712392807006838,"z":-25.07847023010254},"rotation":{"x":0.007619737647473812,"y":-0.9809615612030029,"z":0.041814714670181277,"w":0.19095195829868318},"size":62.64912033081055,"orthographic":false}