{"cameraMode":{"drawMode":0,"name":"Shaded","section":"Shading Mode"},"sceneLighting":true,"audioPlay":false,"sceneViewState":{"m_AlwaysRefresh":false,"showFog":false,"showSkybox":true,"showFlares":true,"showImageEffects":false,"showParticleSystems":true,"showVisualEffectGraphs":true,"m_FxEnabled":true},"in2DMode":false,"pivot":{"x":981.5880737304688,"y":575.366455078125,"z":-76.88980865478516},"rotation":{"x":0.14225581288337708,"y":-0.0060459766536951069,"z":0.000026022713427664712,"w":0.9900229573249817},"size":149.97415161132813,"orthographic":false}