{"cameraMode":{"drawMode":0,"name":"Shaded","section":"Shading Mode"},"sceneLighting":true,"audioPlay":false,"sceneViewState":{"m_AlwaysRefresh":false,"showFog":false,"showSkybox":true,"showFlares":true,"showImageEffects":false,"showParticleSystems":true,"showVisualEffectGraphs":true,"m_FxEnabled":true},"in2DMode":false,"pivot":{"x":954.1742553710938,"y":655.4927368164063,"z":-521.868896484375},"rotation":{"x":0.033798474818468097,"y":0.0027657935861498119,"z":-0.00008373655145987868,"w":0.9993510842323303},"size":80.62257385253906,"orthographic":false}