{"cameraMode":{"drawMode":0,"name":"Shaded","section":"Shading Mode"},"sceneLighting":true,"audioPlay":false,"sceneViewState":{"m_AlwaysRefresh":false,"showFog":false,"showSkybox":true,"showFlares":true,"showImageEffects":false,"showParticleSystems":true,"showVisualEffectGraphs":true,"m_FxEnabled":true},"in2DMode":false,"pivot":{"x":59.51771545410156,"y":18.031173706054689,"z":-26.226520538330079},"rotation":{"x":0.06377697736024857,"y":-0.9258274435997009,"z":0.18171453475952149,"w":0.32496407628059389},"size":23.532712936401368,"orthographic":false}