{"cameraMode":{"drawMode":0,"name":"Shaded","section":"Shading Mode"},"sceneLighting":true,"audioPlay":false,"sceneViewState":{"m_AlwaysRefresh":false,"showFog":false,"showSkybox":true,"showFlares":true,"showImageEffects":false,"showParticleSystems":true,"showVisualEffectGraphs":true,"m_FxEnabled":true},"in2DMode":false,"pivot":{"x":3.736158609390259,"y":2.1276793479919435,"z":2.4227824211120607},"rotation":{"x":-0.09489162266254425,"y":0.24103905260562898,"z":-0.02605467103421688,"w":-0.9658417701721191},"size":0.5884661674499512,"orthographic":false}