{"cameraMode":{"drawMode":0,"name":"Shaded","section":"Shading Mode"},"sceneLighting":true,"audioPlay":false,"sceneViewState":{"m_AlwaysRefresh":false,"showFog":false,"showSkybox":true,"showFlares":true,"showImageEffects":false,"showParticleSystems":true,"showVisualEffectGraphs":true,"m_FxEnabled":true},"in2DMode":false,"pivot":{"x":71.58036804199219,"y":2.551767349243164,"z":13.933631896972657},"rotation":{"x":0.007206309586763382,"y":-0.9922993779182434,"z":0.06994637846946717,"w":0.10141238570213318},"size":23.532712936401368,"orthographic":false}